{"search":"","showTags":false,"showAttachments":false,"hideUnresolved":true,"showOrphans":false,"showArrow":true,"textFadeMultiplier":0.1,"nodeSizeMultiplier":0.914217156568686,"lineSizeMultiplier":2.75092981403719,"centerStrength":0.135210924164838,"repelStrength":10.0950987564009,"linkStrength":0.776517922457937,"linkDistance":63,"scale":0.3948730837205067}